ID,1
480,18.620739
742,28.0724
743,29.272324
744,27.747295
745,25.225582
793,17.335535
794,21.413097
800,19.436504
801,20.480412
802,25.329823
948,23.331078
949,23.813503
954,21.083076
955,25.439404
956,24.761028
1512,15.561826
1513,13.8611555
1552,27.829208
1553,27.101238
1554,23.459946
1558,24.02327
1559,25.543015
1560,18.464348
1561,19.497398
1637,20.686539
1638,25.974163
1639,30.151371
1717,17.857765
1718,21.438972
1719,17.19293
1720,19.746838
1721,15.9484215
1901,19.506157
1985,37.673565
1986,36.839233
1987,34.840084
1988,26.630138
1989,28.076855
1990,31.059387
1991,32.34534
2037,26.319187
2038,27.221607
2039,24.391115
2040,18.315826
2041,29.135216
2042,28.103859
2043,32.781834
2073,28.771725
2074,30.728775
2075,30.843979
2076,17.381365
2077,18.90477
2078,31.791958
2079,22.254566
2115,26.076092
2116,27.639381
2117,22.090748
2118,20.123653
2119,28.546364
2120,30.442741
2121,24.37688
2147,41.083668
2148,30.788132
2149,36.36981
2180,33.413975
2181,24.598423
2182,26.54168
2183,34.232704
2184,28.928062
2206,14.04295
2207,12.425177
2274,15.261419
2275,19.223286
2316,16.414192
2317,14.86177
2318,17.8241
2319,18.785038
2320,19.497505
2322,17.226757
2323,16.353895
2357,33.340485
2358,29.932964
2360,31.005527
2361,27.862633
2362,26.004623
2363,22.044106
2364,22.271439
2489,25.432995
2491,19.891811
2492,16.893198
2493,21.38255
2494,24.021053
2521,26.172691
2522,20.655846
2523,15.331678
2524,25.08813
2525,28.518929
2527,22.953575
2568,24.82742
2570,21.14582
2571,22.702488
2572,15.98213
2573,17.219078
2574,19.393623
2575,20.607498
2605,37.168766
2606,29.530415
2607,25.041462
2608,28.247559
2636,20.023245
2637,19.857975
2638,31.778378
2639,26.091763
2642,37.45388
2643,29.812454
2644,29.243576
2672,23.961472
2673,36.30878
2674,31.08733
2676,24.999363
2677,30.676853
2678,23.14878
2679,24.646759
2712,19.63136
2717,38.246017
2718,33.196632
2719,41.188995
2749,18.14773
2751,22.088968
2752,14.87309
2771,11.554401
2772,13.429106
2773,12.9278345
2774,16.24401
2776,17.117825
2777,9.819099
2778,14.462473
2842,23.230947
2843,21.982464
2844,16.32476
2845,18.426342
2881,29.336475
2882,30.20673
2883,29.251858
2884,23.550812
2885,12.33205
2886,25.74517
2887,25.054695
2918,36.891296
2919,41.28303
2920,36.837498
2921,31.586853
2922,33.57919
2952,34.480576
2953,37.069073
2954,33.272987
2955,27.857895
2956,33.41747
2957,34.234886
3026,39.61228
3027,40.383354
3028,36.160393
3029,42.59232
3030,32.98332
3031,34.74453
3184,39.419098
3185,39.17208
3186,32.175343
3187,21.919216
3188,26.307293
3189,27.792393
3190,24.50475
3395,26.157848
3396,25.458332
3397,29.409412
3398,25.778713
3399,31.400578
3400,23.972149
3401,19.2056
3436,17.161837
3437,22.187092
3438,24.15448
3439,17.980286
3440,23.070751
3497,26.572876
3498,25.420624
3499,21.963886
3500,21.926102
3501,23.406862
3502,17.30682
3503,19.480202
3588,14.957412
3589,21.367321
3590,17.43164
3623,39.230366
3624,38.251125
3625,31.47519
3626,35.630424
3627,22.870935
3652,16.573023
3653,13.952042
3654,18.499763
3659,14.466397
3660,13.4831295
3661,19.56557
3687,14.761263
3688,16.01299
3689,21.765644
3690,17.24125
3695,22.632343
3696,18.857101
3697,19.277218
3721,22.215424
3722,31.271523
3723,33.173103
3724,34.356976
3725,27.220608
3726,24.185894
3727,29.463749
3755,22.921432
3756,22.919266
3757,29.017368
3758,22.544594
3759,31.766068
3760,29.470322
3761,28.911171
3790,28.898785
3791,27.643543
3792,32.232563
3793,22.010757
3794,22.440323
3795,17.991558
3796,27.457943
3821,33.901485
3822,30.188686
3823,28.022137
3825,25.459427
3826,24.056526
3827,25.640175
3828,31.066586
3852,13.6127615
3853,14.193622
3854,13.373478
3910,19.335175
3911,21.633484
3912,26.116848
3914,20.184273
3915,21.040863
3916,23.192371
3917,18.972267
3918,19.208061
3919,17.298248
3921,17.869377
3922,14.281733
3923,15.425958
3971,20.256393
3972,23.04493
3973,27.42638
3975,19.426182
3976,24.484318
3977,20.79356
3978,20.866531
4001,22.31906
4002,25.788696
4003,26.695938
4004,25.354668
4006,30.854507
4007,32.97403
4008,28.646812
4026,43.713757
4027,45.28184
4028,28.924038
4029,37.72753
4030,43.54166
4031,24.99228
4057,32.22199
4059,33.955578
4060,29.313236
4061,26.726341
4062,24.932446
4063,36.039055
4064,32.415043
4095,26.341885
4096,36.828312
4097,35.18501
4098,30.609058
4099,28.045322
4100,29.075485
4156,29.36565
4157,29.096249
4158,19.425003
4159,14.317894
4160,26.883972
4161,27.616154
4184,17.226965
4185,22.131
4186,16.957024
4187,19.473167
4188,22.855495
4189,23.01532
4190,26.017105
4268,29.882706
4269,28.970032
4270,30.046837
4271,18.141308
4272,16.114517
4273,26.905392
4274,22.391546
4291,13.704552
4292,16.115034
4298,23.129974
4332,24.314148
4333,31.700325
4334,39.70579
4335,25.4999
4336,26.868462
4337,37.104122
4338,33.86018
4379,18.73526
4380,14.540379
4381,17.786678
4382,15.843029
4383,26.357738
4384,19.993664
4385,25.565693
4415,20.159054
4416,17.595417
4417,16.057968
4418,15.084243
4419,12.308065
4420,13.722761
4421,14.704075
4450,23.124517
4451,22.142136
4452,18.483055
4453,23.73306
4454,24.808678
4455,24.567368
4456,28.510906
4481,17.572817
4482,12.125389
4483,13.582058
4488,14.116745
4489,16.202633
4490,15.280562
4534,20.690788
4535,20.63063
4536,18.562412
4537,18.100677
4540,19.77239
4541,20.141495
4542,20.077236
4580,32.56606
4581,31.340351
4582,33.512978
4586,21.544891
4587,25.798584
4588,27.012188
4589,23.980652
4603,22.521461
4604,23.191181
4605,19.457382
4606,14.834763
4609,24.811628
4610,22.99966
4611,24.746336
4614,12.934457
4651,26.058884
4653,28.01381
4654,29.980766
4655,20.187805
4656,20.683075
4657,26.461388
4658,25.447712
4678,30.327988
4679,36.158943
4680,32.99378
4681,29.043282
4682,24.815174
4683,23.101261
4684,24.281384
4700,22.039843
4701,24.230968
4703,21.111809
4704,29.43689
4722,35.78453
4723,30.406452
4725,30.094337
4726,32.156147
4727,24.637535
4728,17.524284
4729,19.615276
4749,20.28689
4751,16.627558
4752,20.282982
4753,15.064335
4754,15.539098
4755,17.666367
4756,18.654287
4784,19.895657
4785,18.499695
4786,17.727657
4787,18.884792
4788,21.025272
4789,20.2159
4791,18.448013
4824,31.12521
4826,29.21391
4827,27.815228
4828,21.610777
4829,25.569397
4830,18.2931
4831,27.08397
4866,29.877121
4867,22.656866
4868,30.33376
4869,26.447334
4870,20.143135
4871,23.758938
4905,22.439243
4906,21.609531
4907,24.236217
4909,18.927895
4910,19.873096
4922,24.215385
4923,24.670986
4924,19.40348
4925,19.672401
4927,28.724247
4928,28.689125
4929,23.91903
4963,24.136143
4964,22.541237
4965,25.227337
4970,21.35939
4971,17.767513
4972,21.330017
4973,18.60366
4979,17.564072
4980,20.01939
4981,19.160713
4992,30.680508
5004,14.121704
5005,15.099684
5006,16.771194
5007,15.916525
5009,22.995544
5010,23.229465
5011,17.556131
5021,15.801755
5022,18.09174
5023,18.938004
5025,17.639084
5026,18.816124
5027,14.837474
5028,12.642229
5067,25.347492
5068,22.041227
5069,24.626324
5082,22.141941
5083,23.933388
5084,22.60297
5086,18.896767
5087,16.695963
5088,21.282036
5089,21.816978
5090,26.65223
5091,30.323963
5092,26.363876
5093,20.617626
5094,32.39272
5095,29.865025
5096,32.50686
5110,30.478085
5111,22.03102
5112,29.376507
5114,17.065624
5115,22.757103
5116,21.679834
5134,40.60146
5135,36.17021
5136,37.909912
5137,31.905376
5138,31.795784
5139,28.223625
5140,26.794327
5151,14.204339
5152,14.84489
5153,24.711954
5154,21.37114
5155,24.8134
5156,23.007898
5157,27.260883
5169,20.365734
5170,19.46494
5185,19.61248
5186,19.676659
5187,22.400932
5193,16.000362
5194,17.972046
5201,17.934761
5202,13.526113
5208,16.572636
5209,30.726841
5222,28.929909
5223,25.48774
5224,32.709293
5226,20.96703
5227,23.072113
5228,28.363235
5229,24.643105
5230,21.983627
5231,20.12104
5232,17.482779
5233,18.361315
5235,23.766558
5236,22.942421
5237,23.973812
5268,29.469257
5269,27.077728
5270,30.81324
5272,20.693676
5273,25.80545
5274,24.039509
5275,21.324059
5302,35.62686
5303,29.382656
5304,30.950851
5305,35.162613
5306,24.569786
5307,23.498007
5308,17.096138
5310,19.628855
5315,29.080162
5316,25.090206
5317,23.404556
5318,26.911194
5319,29.051647
5332,34.74358
5333,29.41449
5334,32.469143
5335,36.602093
5336,29.362164
5337,26.390076
5352,31.02584
5353,27.66845
5355,32.448807
5356,18.29219
5357,23.348827
5358,24.19873
5359,26.603706
5360,15.5640545
5361,19.039268
5362,17.75679
5364,17.828411
5365,20.399574
5384,20.865942
5385,24.168385
5387,25.550537
5388,33.256573
5389,30.4248
5399,32.171104
5400,33.525078
5401,33.276108
5402,24.553238
5403,24.23618
5404,30.656536
5405,27.45787
5418,31.471432
5419,30.721645
5420,34.07696
5422,29.755486
5423,27.564415
5424,24.016846
5425,21.870079
5426,22.668465
5427,23.167767
5429,27.117535
5430,24.07397
5431,26.575039
5436,30.87185
5437,32.766792
5438,23.299921
5439,26.382645
5445,31.205688
5446,26.436604
5447,29.69474
5449,36.620235
5450,33.953724
5473,18.249794
5474,16.15158
5475,17.859001
5476,19.476683
5477,28.52494
5501,24.79219
5502,28.257275
5503,26.409023
5504,19.953754
5505,20.962856
5506,23.49765
5507,22.855145
5508,20.926338
5509,25.542725
5510,24.356964
5511,21.344435
5512,25.457218
5513,25.268734
5514,26.740505
5529,32.5025
5530,32.338383
5531,36.11344
5532,26.420475
5533,21.996525
5534,24.040668
5535,25.731766
5545,41.401184
5546,37.81707
5547,42.20372
5549,31.514187
5550,34.141262
5551,35.38561
5552,29.551903
5564,25.456535
5565,25.317131
5566,25.356846
5567,19.140226
5568,18.944317
5569,21.358559
5570,23.265636
5571,17.104256
5572,17.615677
5573,17.389214
5574,19.173359
5587,26.95705
5588,30.37418
5589,31.384247
5590,16.863924
5591,22.773731
5593,24.45345
5594,23.547997
5599,18.397839
5600,19.10387
5601,21.054346
5602,19.236004
5614,11.975706
5615,17.251863
5616,12.80403
5617,16.582817
5618,15.472424
5620,14.489392
5628,24.919895
5629,23.54479
5630,24.068846
5632,22.212585
5633,19.013557
5634,18.037632
5635,20.29589
5636,23.749142
5637,24.787025
5638,19.67836
5639,25.602379
5641,27.099415
5642,25.48151
5643,27.480793
5652,19.262684
5653,22.393833
5654,21.518436
5657,17.79211
5658,20.592869
5663,17.076508
5664,16.434265
5665,18.95606
5666,15.002252
5667,14.776064
5668,21.052105
5669,18.969978
5673,18.998623
5674,22.100475
5676,18.971676
5677,24.669613
5694,18.195166
5695,17.200012
5696,16.762762
5697,17.28902
5698,20.506172
5699,15.84024
5700,12.660156
5713,16.582596
5714,13.81011
5716,12.482601
5717,12.411816
5718,16.06623
5719,15.155157
5720,15.226256
5721,22.937859
5722,24.571243
5723,23.73645
5724,18.890797
5725,23.40255
5727,22.412434
5728,25.776775
5736,20.731956
5737,21.03647
5739,19.400822
5740,18.387493
5741,20.245632
5742,24.47639
5743,23.86605
5748,23.439964
5749,26.076756
5750,22.83107
5751,16.917957
5753,28.257729
5754,19.911242
5763,24.050217
5764,22.078178
5765,24.78591
5767,19.75121
5768,16.33029
5769,20.985771
5770,21.797256
5775,20.450169
5776,20.247555
5777,16.751724
5778,16.199148
5779,18.144524
5781,16.83191
5782,17.369995
5791,20.170063
5792,22.466436
5794,17.708694
5795,18.793205
5796,17.930656
5799,23.251522
5800,25.757786
5801,23.15208
5802,24.835262
5804,28.576912
5805,26.686832
5806,25.8746
5815,19.964668
5816,21.152996
5818,21.826847
5819,18.326328
5820,17.713112
5822,24.748857
5823,23.314566
5824,24.209948
5825,19.905005
5827,26.158096
5828,25.600636
5837,26.000324
5839,28.85067
5840,23.699104
5841,23.51638
5842,24.993626
5843,23.156998
5844,25.446487
5845,22.911964
5846,20.037916
5847,18.590162
5848,23.222084
5849,22.079155
5851,24.734001
5852,22.87233
5863,25.806026
5864,24.101103
5866,25.017967
5867,20.524961
5868,24.483036
5869,23.522291
5870,21.84792
5871,24.618351
5872,22.618073
5873,21.70639
5874,24.765387
5876,23.133717
5883,29.467342
5884,29.141651
5886,24.621721
5887,24.203278
5888,24.656963
5889,26.652653
5890,25.502037
5891,20.542477
5892,19.714127
5893,23.09895
5894,20.438366
5895,19.60368
5896,23.088425
5898,24.575214
5905,29.987888
5906,29.41949
5908,26.342873
5909,26.341824
5910,24.383799
5911,26.324211
5912,28.054844
5913,25.069614
5914,25.596352
5915,27.503582
5916,24.74944
5917,21.695118
5919,26.953838
5920,24.735683
5926,30.180439
5927,27.764908
5928,23.391033
5929,22.483582
5930,23.62262
5931,30.52874
5932,28.12815
5942,31.6795
5943,36.98639
5944,30.027897
5945,28.308876
5946,30.708126
5947,28.542526
5948,28.292309
5957,29.95602
5958,31.709312
5959,36.489628
5960,35.844727
5961,30.067368
5962,18.986694
5963,14.752602
5970,18.758133
5971,18.131147
5975,21.271969
5976,22.059685
5977,19.915289
5978,22.971981
5979,28.826729
5980,24.739773
5981,24.783634
6001,24.572922
6002,24.906254
6003,24.780647
6004,24.675495
6005,21.694826
6006,22.210194
6007,22.534538
6008,23.956268
6009,27.226574
6010,28.076397
6011,26.08337
6012,30.41391
6013,25.877186
6014,27.780754
6017,24.07763
6018,25.4211
6019,22.339352
6024,24.703648
6025,19.89499
6026,20.79832
6027,23.584892
6028,16.258904
6029,22.645287
6030,19.77951
6036,18.130281
6037,18.96469
6040,23.00739
6041,22.641068
6046,18.624142
6047,33.960743
6048,37.33663
6049,28.993477
6050,38.235065
6051,29.057362
6052,23.383423
6053,29.894867
6054,30.905296
6056,30.279533
6057,28.971397
6058,27.797867
6061,23.626999
6062,20.84024
6067,20.260624
6068,19.937311
6069,20.432049
6070,21.790298
6071,18.69756
6072,20.561111
6073,17.651514
6074,21.659256
6078,24.47929
6079,23.962662
6082,27.823044
6083,30.300385
6084,26.743732
6085,24.257694
6086,27.010109
6087,30.553223
6088,27.210663
6089,28.337193
6090,28.480583
6091,23.728062
6092,23.467012
6093,26.644123
6094,26.473793
6095,25.420547
6096,20.620762
6097,26.881573
6098,23.924265
6099,25.826351
6100,28.341507
6101,22.53511
6102,26.287682
6103,17.978935
6104,25.88842
6105,23.917591
6107,27.88736
6108,27.224274
6109,24.639254
6110,24.869652
6111,25.485657
6112,26.305332
6113,26.117317
6114,24.843315
6115,23.119587
6116,24.294592
6117,26.738758
6118,26.145103
6119,26.70681
6120,24.048088
6121,24.507566
6122,19.823517
6123,25.7364
6124,26.089443
6125,22.246002
6126,23.52028
6127,26.02213
6128,24.96658
6129,25.7187
6130,26.901905
6131,27.271946
6132,26.229477
6133,26.972198
6134,24.173977
6135,22.173124
6136,24.342129
6137,24.113182
6138,22.559128
6139,26.352589
6140,24.855896
6141,24.324665
6142,29.781956
6143,27.442211
6144,27.309032
6145,27.971275
6146,26.356281
6147,25.145515
6148,24.57079
6149,22.42242
6150,23.948765
6151,26.166409
6152,26.08485
6153,24.5617
6154,22.659225
6155,24.127964
6156,16.08477
6157,27.497116
6158,25.464699
6159,23.176418
6160,23.836842
6161,24.13647
6162,24.771255
6163,26.87453
6164,21.740314
6165,22.054989
6167,24.854973
6168,21.74142
6169,23.519104
6170,24.225536
6171,23.327858
6172,22.488548
6173,22.411148
6174,21.594849
6175,23.836403
6176,25.10728
6177,26.45493
6178,22.081448
6180,25.714169
6181,20.624321
6182,26.436943
6183,26.773651
6184,25.879486
6185,25.67466
6186,22.65929
6187,24.269419
6188,29.4883
6189,20.25961
6190,26.750141
6191,26.267029
6192,24.51738
6193,26.099285
6194,25.24361
6195,24.41215
6196,21.12946
6197,23.745071
6198,27.580505
6199,25.523243
6200,24.909534
6201,29.141418
6202,26.036674
6203,25.5386
6204,12.596664
6205,25.315378
6206,26.463306
6207,24.910057
6208,23.517792
6209,26.356895
6210,25.591911
6211,26.516708
6212,25.87333
6213,25.437634
6214,24.789766
6215,25.217041
6216,23.754541
6217,26.404549
6218,16.317816
6219,25.34856
6220,26.027866
6221,25.845943
6222,28.861084
6223,28.028698
6224,27.429176
6225,27.705692
6226,28.38139
6227,22.004757
6228,25.177109
6229,20.757282
6230,23.080235
6231,25.463474
6232,25.388916
6233,15.617581
6234,10.203431
6235,24.43267
7041,21.166351
7042,20.926886
7043,21.34166
7044,19.680855
7045,21.674824
7046,19.777813
7047,19.126862
7656,17.05541
7657,22.140556
7658,23.509747
8092,25.744595
8093,32.47542
8094,30.088326
8095,25.994343
8096,26.891575
8097,25.680641
8098,21.544659
8248,34.12375
8249,31.477905
8250,22.740898
8406,25.121265
8407,31.900925
8408,22.709835
8409,24.510643
8410,28.953865
8411,28.556217
8412,25.569881
8637,22.20866
8638,24.939999
8639,16.400318
8640,21.871231
8641,25.718628
8642,25.719131
8643,28.464115
8698,17.828506
8699,22.3411
8700,19.709229
8701,19.786964
8702,15.008263
8703,17.609413
8704,17.22149
8885,19.934185
8902,39.38719
8903,37.05682
8904,40.196884
9051,21.612152
9052,26.313095
9053,23.684456
9054,25.62968
9055,23.60505
9056,20.902252
9057,26.984032
9058,24.275553
9363,33.629395
9364,38.06812
9365,31.226986
9366,27.873943
9367,36.226124
9368,36.2472
9386,14.693548
9387,12.824224
9388,16.988026
9389,18.088219
9391,15.95348
9412,18.61586
9414,21.96682
9415,15.20959
9416,16.281286
9417,15.1465025
9418,17.213411
9419,17.90416
9434,17.532772
9439,26.219528
9440,21.292994
9441,22.048094
9442,28.67921
9459,38.237827
9460,35.729847
9461,45.741215
9462,30.75393
9463,36.614857
9464,28.57003
9479,11.382071
9480,19.366734
9481,17.431274
9482,23.314926
9524,34.555073
9525,37.36118
9526,34.798378
9527,33.231094
9528,26.21621
9529,24.318005
9545,15.049397
9551,34.203903
9552,34.660618
9569,18.118828
9570,23.12925
9576,23.15263
9577,23.962631
9578,23.280453
9630,12.281857
9643,21.10173
9644,19.050758
9645,19.307842
9650,23.065525
9651,18.354126
9668,25.394234
9669,24.476465
9670,25.82883
9673,30.731457
9674,29.734581
9675,31.452168
9694,17.574604
9699,35.101425
9700,32.35429
9701,33.670902
9721,24.725498
9723,19.10691
9724,17.576046
9725,35.315613
9741,17.619324
9742,18.2743
9743,14.974785
9745,16.653349
9754,17.838053
9756,15.4825945
9757,17.99998
9758,21.66279
9759,22.247364
9825,29.34515
9826,25.109604
9827,26.904835
9828,23.471523
9829,32.063957
9864,28.515335
9865,41.08361
9866,36.784977
9867,37.731064
9868,37.987484
9884,18.99405
9885,19.970558
9886,21.407207
9888,20.588318
9893,27.837322
9913,18.542255
9915,18.88948
9916,18.70456
9917,36.019478
9918,34.05853
9919,27.341293
9939,31.506397
9940,31.871346
9941,30.60833
9942,30.63028
9943,32.73597
9944,29.4362
9945,25.960651
9962,23.285473
9963,22.963665
9964,26.463882
9966,25.600983
9967,21.65512
9989,20.431118
9990,21.76616
9992,26.017372
9993,17.116291
9994,18.380512
9995,20.225754
10014,32.83133
10015,37.944168
10016,27.324036
10054,24.844566
10055,27.998596
10056,27.42838
10058,23.524738
10059,20.985905
10060,22.168703
10099,32.088657
10100,38.576275
10101,37.067474
10102,36.626694
10103,32.541782
10126,16.096157
10131,41.79571
10132,33.175365
10133,46.20772
10155,36.6739
10156,36.99002
10157,34.930748
10158,33.26839
10159,32.451187
10160,29.930767
10176,24.150993
10182,27.110424
10183,31.090675
10184,33.65995
10200,11.985676
10201,14.171917
10202,11.30235
10208,16.304049
10209,14.531328
10210,14.727766
10221,25.041912
10227,38.183216
10228,34.05205
10229,46.770996
10247,32.709175
10248,39.964893
10249,35.94927
10250,38.467564
10251,39.56428
10252,33.422176
10279,27.015537
10281,41.79491
10282,35.37333
10283,37.6081
10284,41.6116
10312,31.434593
10313,28.545612
10314,28.291393
10317,32.40768
10318,29.002316
10319,29.351383
10320,29.850754
10349,33.111664
10350,30.288006
10351,46.927544
10352,36.170643
10446,17.720161
10447,21.736183
10448,26.466389
10449,36.537304
10450,28.6151
10531,32.971115
10532,32.636017
10533,30.216976
10534,20.791313
10535,24.106274
10536,25.586113
10576,16.353462
10581,36.948296
10582,37.596428
10633,27.160164
10634,29.390667
10635,36.57133
10636,27.564304
10637,27.5761
10638,24.659515
10639,29.597256
10658,35.01948
10659,35.429646
10660,27.887024
10661,31.453087
10662,31.557976
10663,26.214043
10664,26.413643
10665,17.792694
10666,21.744411
10667,16.61723
10668,12.344133
10669,18.964382
10671,18.150726
10672,21.075768
10720,22.730862
10721,19.192326
10723,23.626574
10724,24.28931
10725,26.568413
10726,26.166111
10727,25.127275
10747,30.660889
10748,36.389973
10749,36.288048
10821,13.369565
10900,23.265167
10901,29.99583
10902,37.110664
10903,40.358074
10963,35.364567
10964,38.081047
10965,40.173206
10966,38.839977
10967,35.090485
11144,6.3135605
11174,29.919167
11175,23.37672
11176,20.877804
11178,21.444115
11179,17.63924
11180,16.059801
11212,27.546738
11213,27.501503
11214,27.92355
11215,27.95987
11274,34.31515
11275,31.97638
11276,29.335186
11277,40.0055
11279,35.81278
11280,39.01287
11306,27.541805
11307,30.133648
11309,27.697647
11310,20.958
11311,16.901878
11312,27.318363
11313,31.29057
11334,30.645287
11335,31.78619
11336,22.153984
11337,25.720646
11338,23.312674
11339,26.721157
11340,15.51697
11341,13.605637
11342,18.804665
11343,16.48856
11344,21.427204
11345,18.5178
11346,23.520794
11378,32.873943
11379,26.279842
11380,28.261986
11381,19.301025
11382,15.349968
11383,19.382858
11384,15.8546715
11409,18.355686
11410,31.886414
11411,26.712124
11412,34.8911
11440,23.447075
11441,22.572502
11442,27.79779
11443,20.814804
11465,23.01157
11466,29.872158
11467,26.695492
11468,37.74226
11499,37.86443
11500,33.097534
11501,30.778301
11502,35.20945
11503,30.629875
11504,23.266768
11505,20.567036
11690,30.493958
11691,38.33655
11692,38.78217
11693,32.060287
11694,31.823643
11941,14.410197
12297,19.741161
12298,18.744417
12299,43.86083
12300,35.240524
12346,16.281693
12347,17.753399
12348,15.199604
12349,15.132675
12350,18.378357
12351,13.316504
12505,20.838863
12506,17.621542
12566,29.345852
12567,20.018398
12568,27.109127
12572,19.753868
12627,41.923412
12628,29.241535
12629,30.738575
12630,27.288097
12672,32.303852
12673,37.315716
12675,37.829777
12676,37.16978
13272,26.550987
13274,20.576363
13275,25.230526
13276,21.910595
13277,19.606922
13278,21.512852
13279,19.567234
13398,16.06763
13399,22.410614
13401,18.005104
13407,31.854412
13408,22.367188
13546,11.037728
13548,37.030895
13549,39.832485
13550,45.5953
13588,24.846825
13589,23.288876
13590,25.704056
13592,28.123173
13593,26.079807
13594,26.499409
13653,27.088089
13654,24.68697
13655,32.783157
13727,25.079727
13728,24.105782
13729,23.351536
13735,21.803349
13736,20.247757
13737,21.406158
13738,21.847122
13884,17.892487
13885,14.672265
13886,12.687337
13887,10.665293
13888,12.182684
13889,15.340414
13890,12.837718
14030,24.725372
14031,36.4212
14032,36.910347
14033,39.740025
14315,18.040234
14316,31.169376
14317,33.04836
14360,40.666203
14361,37.090282
14362,23.96555
14363,30.099987
14364,27.683697
14365,38.34642
14469,25.528965
14474,42.76572
14475,48.415398
14476,37.248566
14477,31.848381
14537,17.528198
14643,14.262458
14644,12.430332
14645,13.107673
14763,15.632202
14764,15.713285
14765,24.512762
14771,15.187099
14772,16.678894
14773,10.764501
14774,13.581499
15109,25.948578
15110,23.777271
15111,19.386944
15327,35.11638
15328,35.22777
15329,36.26047
15331,22.825867
15332,28.66932
15333,36.613422
15334,33.250782
15395,17.204678
15486,34.60893
15488,29.794064
15489,29.065369
15490,29.130775
15491,24.519598
15492,17.703768
15493,24.859554
15579,25.27668
15614,19.288857
15615,25.693909
15617,30.886215
15618,24.68156
15619,19.322868
15620,20.7305
15621,31.530708
15668,39.081085
15670,42.28587
15671,34.144226
15672,28.366543
15673,20.353844
15674,27.887383
15758,19.283627
15763,39.800297
15764,35.74047
15765,35.977974
15808,34.585903
15809,39.82459
15810,39.2327
15811,28.699802
15812,35.75885
15869,37.572094
15870,29.62136
15872,33.7317
15873,24.830154
15874,31.56578
15875,32.733925
15907,39.596966
15908,41.477543
15909,42.99764
15910,41.316772
15911,35.158325
15912,32.332794
15913,34.486145
15941,31.296703
15942,36.81768
15943,33.007263
15944,21.686302
15945,26.502174
15946,30.35625
16015,31.656155
16017,32.528168
16018,28.735859
16019,25.754234
16020,28.528076
16021,26.44107
16022,29.687
16065,15.312275
16070,26.737385
16071,36.768105
16130,24.769451
16131,24.682549
16132,24.663435
16137,21.93507
16162,26.636055
16163,29.761906
16166,23.1585
16167,26.42443
16168,26.25201
16196,29.374008
16197,28.094353
16198,19.460617
16202,23.383049
16203,25.255518
16204,11.229233
16205,18.967373
16262,21.696262
16263,25.644703
16265,33.075882
16266,34.801216
16267,34.66567
16294,24.019714
16295,23.90826
16296,19.557842
16297,15.929674
16299,34.333702
16300,28.714737
16301,25.927513
16556,42.30678
16557,30.685658
16558,30.274582
16559,38.557102
16649,27.6417
16650,25.653809
16651,28.20855
16652,25.68216
16653,18.380878
16654,25.936798
16655,24.219288
16656,23.4786
16657,22.776085
16774,18.578693
16823,26.60582
16824,28.20699
16825,26.935093
16826,26.231373
16827,30.912918
16828,24.278849
16829,29.633526
16830,29.297318
16831,27.836933
16832,23.987518
16843,16.384499
16860,21.33039
16862,26.166405
16863,21.209694
16864,24.342785
16865,22.292706
16866,18.954231
16867,21.803078
16868,19.401764
16869,15.534013
16870,24.03823
16871,23.383282
16872,21.204819
16873,26.953724
16875,25.589169
16878,24.256336
16879,27.696941
16880,28.461674
16881,27.191673
16882,30.327179
16883,26.841076
16884,26.774109
16973,37.148106
16974,30.981644
16975,35.92352
16976,29.295662
16977,29.154903
16978,26.677948
16979,26.007668
16980,25.072842
16981,26.094582
16982,30.654644
16983,30.818668
16984,23.164133
16985,29.591568
16986,29.463894
16987,27.320988
16988,23.98116
16989,27.857868
16990,26.243729
16991,27.252808
16992,26.109692
16993,29.591328
16994,26.440609
16995,28.610554
16996,26.006653
16997,28.943493
16998,27.659893
16999,27.649826
17000,31.28923
17001,31.168373
17002,29.334358
17003,29.202297
17004,22.357685
17005,29.611603
17006,27.575512
17007,29.834572
17008,31.71539
17009,21.326557
17010,23.777332
17011,31.185577
17012,29.76059
17013,26.082386
17014,26.999645
17015,24.574451
17016,23.767834
17017,28.903503
17018,27.141212
17019,19.714245
17020,11.997057
17021,27.817104
17022,27.305775
17023,30.174923
17024,29.038727
17025,30.176414
17026,30.241184
17027,30.971867
17028,29.849548
17029,29.217846
17030,29.374763
17031,24.944511
17032,30.26395
17033,30.366886
17034,29.89988
17035,28.270603
17036,19.970768
17037,28.395554
17038,29.211395
17039,22.406822
17040,26.624077
17041,26.833855
17042,25.17165
17043,26.555325
17044,28.063812
17045,31.621052
17046,21.991238
17047,24.293205
17048,29.499378
17049,30.77288
17050,23.032703
17051,20.912403
17052,16.589634
17053,20.884415
17054,21.484882
17055,19.080025
17056,20.833637
17057,26.562126
17058,28.030277
17059,29.920422
17060,29.522472
17061,24.598976
17062,29.444592
17063,22.675484
17064,23.842903
17065,26.128311
17066,29.142754
17067,29.111439
17068,29.834167
17069,27.924633
17070,29.269875
17071,25.10494
17072,27.259212
17073,24.337635
17074,26.441566
17075,28.208893
17076,27.186386
17077,27.908035
17078,26.74255
17079,26.973358
17080,24.531048
17081,24.586267
17082,16.054834
17083,26.77937
17084,27.67342
17085,28.900852
17086,26.0873
17087,24.359516
17088,30.265423
17089,29.27501
17090,27.985844
17091,18.754234
17092,21.54488
17093,25.083195
17094,29.354939
17095,27.455723
17096,26.605
17097,26.625526
17098,26.05093
17099,13.020821
17100,22.051003
17101,23.946339
18099,18.390285
18100,22.737133
18101,20.456924
18102,25.736393
18103,35.07291
18384,17.351189
18697,30.144585
18838,20.178669
18839,17.131847
18841,20.47744
18846,9.053341
18947,28.973698
18949,27.174717
19662,31.230755
19663,25.799267
19664,24.81683
19665,23.23299
19666,22.315834
19667,20.329967
19668,17.763096
19716,12.878037
19717,12.688008
19718,15.712445
19719,13.74767
19720,18.419294
20639,24.558657
20640,29.07077
20641,26.948647
20642,26.227901
20643,27.171429
20682,30.540989
21070,15.480537
21071,17.210546
21072,17.00364
21073,12.315394
21074,11.379452
21075,15.987209
21331,35.839344
21332,22.787296
21333,24.996552
21334,31.805916
21335,27.756294
21338,23.441742
21339,19.626083
21345,33.01644
21353,22.021236
21354,29.870628
21355,23.586094
21356,30.986034
21357,25.197002
21358,30.175682
21359,24.714489
21367,34.379005
21368,40.51125
21369,30.924652
21370,35.99478
21371,27.450085
21372,22.799946
21373,28.452446
21374,26.622032
21375,28.411785
21376,27.645744
21377,25.655903
21378,15.2381115
21379,28.857914
21380,28.49329
21381,28.00409
21382,26.838745
21383,29.355255
21384,29.008373
21385,29.32631
21386,26.26427
21387,23.51886
21388,20.569262
21389,29.56702
21390,27.654736
21391,27.826504
21392,23.95322
21393,16.043076
21783,29.736698
21784,32.988976
21785,16.180489
21786,26.25381
21787,33.76148
22173,30.19727
22174,29.656433
22175,19.535683
22176,21.892262
22177,23.817123
22178,33.05291
22179,38.932247
22246,32.812775
22247,29.021973
22248,22.902668
22249,23.130348
22250,22.8459
22251,23.675022
22252,23.297226
24703,27.707272
24704,24.381176
24705,23.491333
24706,21.755203
24707,24.836494
24775,34.94046
24776,23.843273
24777,28.53518
24778,26.747818
24779,37.583126
24780,30.955425
24781,12.245131
24782,16.671375
24783,12.333879
24784,12.687291
24785,12.751833
24786,17.619278
24787,19.306232
24815,39.426083
24816,32.64585
24817,22.707733
24818,22.103401
24819,22.93142
24820,30.522396
24821,26.115345
24830,38.782734
24831,28.274082
24832,33.291985
24833,36.046154
24834,29.680782
24835,29.138226
24836,24.918564
24837,24.354519
24859,20.358593
24860,25.97459
24861,40.781086
24862,36.755592
24863,32.218082
24864,23.589252
24865,23.394508
24866,19.023933
24867,21.808834
24868,24.029182
24869,23.801655
24891,24.133793
24892,23.254318
24893,17.655607
24901,37.47867
24902,40.099792
24903,25.798977
24904,32.888683
24905,25.26471
24906,30.22535
24917,32.084133
24918,30.443077
24919,25.272125
24920,34.011253
24921,27.22799
24932,40.101315
24933,38.06827
24934,37.173378
24935,29.907093
24936,31.351303
24937,36.41531
24938,19.464638
24939,22.612373
24940,23.741814
24947,33.788525
24948,36.89565
24955,23.55632
24956,25.021477
24959,41.100956
24960,35.940033
24961,15.687671
24962,14.568193
24963,15.69466
24964,15.020233
24965,16.910751
24966,19.721832
24967,19.069714
24989,22.310783
24990,18.396866
24991,16.540642
24992,13.31707
24993,16.722591
24994,14.361905
25003,30.560406
25004,26.689205
25005,26.382332
25006,23.171825
25007,34.21892
25008,40.523163
25018,36.102577
25019,31.502491
25020,30.890636
25021,33.0239
25022,22.269146
25023,19.089066
25024,17.945608
25025,22.60566
25026,20.458122
25031,25.665157
25032,25.820786
25033,19.191856
25045,26.163452
25046,28.194767
25047,28.477531
25048,20.60682
25049,19.585178
25050,26.077335
25051,21.647655
25052,26.250286
25060,38.009518
25061,40.94276
25070,30.633404
25071,36.664196
25072,27.554924
25073,25.709782
25074,26.952343
25075,28.99733
25076,27.661713
25077,20.326023
25078,20.20567
25079,23.764618
25091,29.30642
25092,26.15384
25093,25.31717
25094,22.778236
25095,29.170189
25103,29.260143
25104,29.308651
25106,27.719707
25107,24.984592
25108,24.818981
25109,19.54596
25110,21.716438
25111,22.212643
25114,30.264755
25115,27.692799
25128,29.065933
25131,43.21351
25132,43.89442
25133,32.883022
25134,24.055376
25135,21.934027
25136,19.012102
25137,16.531664
25138,16.927166
25141,21.974972
25142,20.145493
25147,22.27974
25148,28.617603
25151,24.268147
25152,22.83414
25153,25.246061
25154,23.558922
25155,23.213795
25156,21.877842
25159,25.594982
25160,28.71619
25166,18.380924
25167,23.657906
25172,19.261581
25173,16.085342
25176,25.13948
25177,24.487133
25178,22.114658
25179,20.8115
25180,22.309757
25184,26.780937
25185,30.630974
25190,17.702816
25191,20.949944
25196,20.067844
25197,17.19276
25200,15.685499
25201,22.744572
25205,24.094275
25206,23.049694
25211,25.816578
25212,25.368008
25220,24.472408
25221,25.920433
25224,22.90489
25225,20.68777
25226,29.128696
25227,24.135433
25228,24.542767
25231,27.845592
25232,25.64748
25238,21.420795
25239,20.665176
25242,32.164005
25243,35.018055
25244,26.432922
25245,22.533249
25246,20.34943
25249,21.843159
25250,21.937254
25254,23.757519
25255,28.314507
25256,28.304897
25257,24.681465
25258,26.316467
25259,26.175308
25260,16.409021
25261,19.018734
25262,19.978706
25263,19.286545
25264,18.473831
25275,31.01184
25276,34.527378
25277,31.77082
25278,31.829536
25279,30.69609
25280,29.145214
25281,27.560524
25282,24.21877
25283,27.68499
25284,31.0239
25293,22.647293
25294,21.454998
25295,19.256424
25296,18.787094
25297,15.372265
25305,27.593342
25306,24.301277
25307,19.928337
25308,21.12582
25309,22.439987
25310,22.335117
25311,21.666542
25312,22.845604
25313,19.67474
25314,20.919506
25315,24.612484
25316,19.507885
25327,21.316998
25328,24.681461
25329,21.198248
25330,19.466602
25339,26.089077
25340,26.249512
25341,20.517708
25342,20.789268
25343,20.363861
25344,17.55619
25345,18.735783
25346,24.763714
25347,26.37476
25348,28.50388
25349,32.78319
25350,25.584808
25351,30.920147
25352,33.75336
25360,30.275269
25361,26.922356
25362,24.064339
25363,26.851234
25364,26.873589
25365,23.309044
25366,25.432205
25367,23.896133
25368,25.54866
25369,29.035442
25376,25.755123
25377,25.526863
25378,25.275814
25379,25.288494
25380,27.894394
25381,28.39914
25382,27.569042
25383,26.73243
25384,26.888817
25385,32.84268
25390,28.594585
25391,24.205875
25392,24.811354
25393,23.089516
25394,24.075615
25395,22.167175
25396,24.273148
25397,25.421387
25401,25.340925
25402,24.753052
25403,26.442173
25404,31.87984
25409,23.567612
25410,28.294018
25411,19.064356
25412,23.747746
25413,25.181358
25414,24.670055
25415,22.39249
25416,21.650917
25417,22.545422
25422,30.18422
25423,26.71159
25424,20.960077
25425,25.636238
25429,20.52725
25430,19.131721
25431,20.668856
25432,17.743223
25433,21.216671
25434,16.902243
25435,14.494768
25436,18.392113
25437,17.540943
25438,19.443039
25444,22.718685
25445,18.330765
25446,23.29942
25447,27.95068
25452,28.572853
25453,21.945946
25454,25.278969
25455,24.65786
25456,21.055466
25457,23.379692
25458,21.635754
25459,24.09312
25465,30.618195
25466,28.128777
25467,24.498741
25474,23.636395
25475,20.939823
25476,33.756607
25477,31.790115
25478,30.578426
25479,28.693676
25483,34.22762
25484,28.595303
25485,26.967697
25486,27.399551
25487,26.012749
25488,25.16462
25489,24.095905
25490,27.403019
25491,24.17844
25492,21.232101
25493,24.979635
25494,25.016743
25498,18.676495
25499,22.153053
25501,16.88227
25502,20.28754
25503,19.727512
25504,17.391388
25505,13.905205
25506,18.392994
25507,15.560169
25508,12.461107
25509,12.217009
25511,18.789299
25512,19.260923
25517,30.908985
25518,31.140953
25520,24.278553
25521,26.822002
25522,29.35595
25523,27.710949
25524,22.591404
25525,22.26339
25526,17.03323
25527,21.491169
25529,27.488842
25530,26.201221
25533,27.603344
25534,29.693447
25537,23.405342
25538,22.178162
25539,25.95457
25540,24.56554
25541,25.321548
25542,17.082645
25543,28.102032
25544,26.810398
25545,27.566975
25546,23.1734
25547,24.658503
25548,28.018711
25549,27.522919
25551,27.81239
25552,27.719494
25557,19.221706
25558,20.064243
25560,23.236916
25561,20.01958
25562,21.070488
25563,18.253561
25564,19.158394
25565,27.567184
25566,27.75887
25567,23.922895
25568,26.270535
25569,28.260788
25570,30.555866
25571,25.192116
25572,25.341883
25573,27.702614
25574,25.797825
25575,26.184097
25576,23.691334
25577,23.835804
25578,24.855347
25579,24.693935
25581,28.470413
25582,27.595509
25585,25.396904
25586,28.568188
25587,29.838245
25588,25.983067
25589,27.65231
25590,30.297615
25591,28.923794
25592,24.587898
25593,23.028187
25594,29.089626
25598,25.824966
25599,24.732525
25600,26.046776
25601,30.140415
25602,28.693203
25603,29.09869
25604,28.35466
25605,28.332283
25606,14.310269
25607,28.284416
25608,28.868752
25609,14.135727
25610,28.420036
25611,25.884727
25612,28.948933
25613,29.747059
25614,28.807178
25615,28.963879
25616,28.663067
25617,24.147732
25618,26.43491
25619,24.793251
25620,24.960087
25621,28.080883
25622,24.73558
25623,28.438824
25624,28.38004
25625,30.5569
25626,29.746677
25627,26.220383
25628,32.36533
25629,27.783344
25630,24.074242
25631,25.802536
25632,29.02893
25633,28.548912
25634,29.30415
25635,20.833042
25636,24.765831
25637,23.81899
25638,28.582088
25639,28.353691
25640,28.170307
25641,28.881565
25642,24.311878
25643,24.771126
25644,29.156788
25645,28.785488
25646,30.498318
25647,29.324696
25648,11.973968
25649,11.85107
25650,26.111145
25651,29.029076
25652,23.148823
25653,28.146282
25654,27.101273
25655,25.643314
25656,27.372124
25657,28.049835
25658,26.128952
25659,26.86433
25660,28.565258
25661,22.597507
25662,29.558601
25663,26.04631
25664,29.028942
25665,27.992092
25666,28.050728
25667,24.935055
25668,27.886974
25669,28.312351
25670,28.85627
25671,25.42498
25672,15.561834
25673,25.897171
25674,26.837456
25675,27.881435
25676,27.186543
25677,28.272465
25678,22.36622
25679,20.561638
25680,21.272644
25682,22.958881
25683,22.383507
25684,24.310406
25685,22.354973
25686,17.37476
25687,27.432064
25688,29.442028
25689,27.61884
25690,27.307018
25691,28.86528
25692,22.403404
25693,28.226189
25694,28.677662
25695,28.148338
25696,25.34573
25697,25.752586
25698,26.448471
25699,27.840332
25700,29.328835
25701,16.223156
25702,28.465557
25703,28.990711
25704,23.061588
25705,29.01361
25706,29.111752
25707,27.515404
25708,25.965168
25709,30.087906
25710,28.921825
25711,30.317696
25712,22.983925
25713,27.784798
25714,22.251152
25715,26.74889
25716,30.488426
25717,24.565563
25718,29.697147
25719,24.768124
25720,27.852055
25721,28.287708
25722,26.008259
25723,28.622852
25724,29.688011
25725,27.791954
25726,28.478523
25727,16.759655
25728,29.472824
25729,23.403084
25730,20.823729
25731,24.53741
25732,28.488094
25733,30.103062
25734,27.654716
25735,22.965706
25736,22.649578
25737,20.574299
25738,19.190506
25739,24.544636
25740,25.321823
25743,29.39161
25744,28.744076
25745,28.2989
25746,30.481907
25747,29.165974
25748,25.4147
25749,28.628746
25750,29.63454
25751,19.981201
25752,28.26101
25753,27.700905
25757,23.728752
25758,22.469646
25759,23.792133
25760,24.298157
25761,23.73012
25762,29.997543
25763,29.419346
25764,27.754204
25765,29.131687
25766,25.998299
25767,26.23034
25768,22.596634
25769,19.087082
25770,28.178017
25771,29.829395
25772,28.533192
25773,23.354225
25774,28.17757
25775,23.310818
25776,17.792831
25777,25.534187
25778,26.413395
25779,29.323444
25780,23.259304
25781,25.015015
25785,15.165098
25786,15.563695
25807,24.5406
25808,24.059353
25809,20.14311
25810,22.451523
25811,19.181412
25812,21.63353
25813,17.467628
25814,15.432369
25815,17.90562
25816,16.454939
25837,26.137123
25838,25.342113
25839,21.173668
25840,21.046368
25841,24.5069
25842,19.870712
25843,24.167377
25844,29.304398
25845,28.206512
25854,38.7026
25855,43.347996
25856,20.674759
25857,18.156328
25858,20.479313
25859,20.020569
25866,28.531258
25867,22.01765
25873,21.310219
25880,35.34663
25881,35.98693
25882,31.922237
25883,24.719807
25892,20.440609
25893,25.12182
25894,27.968048
25895,37.11148
25896,33.54884
25906,35.737537
25907,42.134632
25908,35.43614
25909,31.754063
25910,31.012238
25911,28.800613
25912,21.94996
25913,23.025448
25914,25.937702
25925,43.349567
25926,36.195534
25927,19.02753
25933,17.879436
25934,17.126595
25939,33.29068
25940,34.8107
25950,29.202152
25951,30.169678
25952,26.329945
25953,41.54401
25954,34.38462
25959,21.451199
25973,31.811874
25974,32.49672
25975,38.608784
25976,28.733196
25977,29.024502
25978,24.92614
26054,32.969597
26055,40.45588
26056,40.965725
26069,20.380657
26072,18.524097
26073,24.142437
26082,21.242607
26083,20.478754
26086,19.44381
26091,34.690506
26092,38.887127
26205,32.18592
26206,23.328392
26207,18.496777
26208,19.201683
26209,26.709812
26210,22.033558
26211,23.42852
26212,18.565033
26221,25.798363
26222,36.81657
26223,17.219421
26230,17.251297
26231,19.010098
26245,34.582058
26246,32.16896
26247,31.006718
26248,23.918884
26249,19.204796
26250,24.57249
26251,17.940533
26252,18.118359
26262,29.69902
26263,36.405056
26264,15.991673
26265,16.761845
26272,18.876343
26273,14.880362
26285,19.119251
26286,23.878922
26293,21.661598
26294,34.008923
26295,32.859344
26307,28.863312
26308,28.977695
26309,28.448067
26310,35.19955
26311,31.870926
26312,27.104797
26313,28.995113
26314,23.399513
26315,22.24557
26316,30.895897
26329,25.680168
26330,35.04654
26332,22.116568
26333,18.898045
26334,28.927002
26335,22.277493
26349,27.646069
26350,27.586906
26351,30.835918
26352,22.25895
26353,19.964493
26354,24.161411
26379,34.137524
26380,25.785385
26381,26.837524
26382,29.53275
26383,38.617035
26384,34.34546
26398,29.1293
26399,24.027828
26400,23.744926
26401,18.60572
26413,20.371012
26414,19.781025
26415,16.484406
26416,22.876293
26417,23.48893
26418,23.50636
26419,23.491177
26429,35.72577
26430,46.253685
26431,34.113274
26443,30.581722
26444,30.877274
26445,24.479603
26446,25.371826
26447,27.123333
26459,27.817123
26460,31.038166
26461,26.171879
26462,27.563198
26463,27.56765
26464,28.55095
26465,18.021523
26466,20.66543
26467,21.592505
26468,22.178303
26469,22.423508
26470,21.59948
26493,38.95692
26494,43.33179
26495,43.471592
26496,44.504818
26497,32.614487
26498,36.29879
26499,32.684868
26500,20.091785
26510,32.12629
26511,30.996975
26526,28.88491
26527,27.341381
26528,18.829117
26529,20.04831
26530,24.107307
26531,22.58063
26541,28.36335
26542,32.757767
26543,38.86939
26544,29.802505
26545,31.48188
26546,33.005924
26547,21.648632
26558,33.218018
26559,31.341042
26560,29.075932
26561,15.784765
26568,14.957263
26569,16.572378
26574,29.97734
26575,27.843765
26576,27.653473
26577,16.53475
26578,19.02842
26579,21.501537
26589,34.94022
26590,17.890299
26596,21.288916
26597,16.450737
26606,21.156273
26607,23.021538
26614,21.13026
26615,18.31052
26616,19.18164
26617,11.56524
26618,13.880003
26624,12.730505
26625,14.54471
26706,20.903847
26707,22.867897
26710,17.61574
26711,32.12381
26712,17.473324
26713,15.01387
26714,13.389383
26715,17.84579
26716,17.28817
26719,24.284958
26720,18.644953
26769,23.22956
26770,26.91571
26775,16.078773
26776,19.442383
26777,15.609971
26778,13.948592
26779,14.648351
26812,19.336178
26813,15.774254
26816,32.178505
26817,33.50164
26818,34.422653
26851,15.715986
26856,35.14659
26857,26.002525
26858,31.833462
26859,36.955086
26918,22.333054
26919,25.144356
26924,21.951567
26925,22.650867
26996,23.855011
26997,29.265324
27001,22.316494
27002,21.054443
27003,20.391731
27004,21.766806
27005,18.87466
27006,21.860367
27007,17.71851
27011,23.906689
27012,27.315449
27017,19.811348
27025,29.708302
27026,26.311821
27027,26.722294
27058,24.85556
27063,23.805716
27064,21.207867
27067,40.017822
27110,21.039398
27111,22.369373
27112,20.661919
27113,21.15781
27116,27.806469
27117,26.188835
27132,22.911835
27135,33.76777
27136,44.64764
27137,35.943256
27138,38.7494
27139,26.419853
27140,28.30383
27141,25.949234
27142,29.32769
27143,30.067188
27144,28.382114
27145,29.92205
27146,25.68607
27147,9.612301
27148,24.778496
27149,27.038177
27150,19.564468
27151,28.86478
27152,26.566494
27153,23.454365
27154,25.014736
27155,29.456375
27169,26.654404
27170,21.231888
27171,19.97437
27175,24.702728
27176,25.724457
27178,33.119946
27194,23.679525
27197,24.30444
27198,26.812214
27202,33.65161
27223,37.50036
27224,38.316486
27225,47.051487
27226,27.202988
27227,29.608788
27228,33.760757
27258,35.12035
27259,33.487175
27260,35.358707
27261,31.687054
27262,31.055248
27263,25.964546
27284,37.475525
27285,32.587196
27286,36.312847
27287,43.864185
27288,42.097324
27289,15.5583725
27290,16.286987
27291,15.6040745
27294,20.86464
27330,30.54187
27331,36.620358
27332,33.27848
27333,35.311306
27334,33.283066
27382,19.169369
27383,17.91153
27386,22.680079
27387,35.024837
27388,41.006805
27407,32.52067
27408,41.82255
27409,31.63235
27410,30.77835
27411,36.431973
27412,38.755028
27423,32.302357
27424,34.579617
27425,33.156548
27427,29.726791
27428,24.37831
27429,24.01278
27441,30.330914
27442,24.527954
27443,25.59655
27444,22.861958
27445,27.000229
27472,12.665654
27473,17.821423
27474,10.446673
27475,12.153931
27476,18.907349
27477,16.946074
27479,21.271914
27487,4.445332
27517,23.445232
27522,29.996433
27523,39.086098
27524,33.54379
27535,18.700195
27536,20.547302
27539,27.918324
27542,26.958038
27543,22.021854
27578,20.456806
27579,20.89508
27581,22.049006
27582,16.658756
27583,18.941555
27584,13.917974
27585,15.933332
27599,22.135168
27600,27.412449
27603,19.72695
27604,21.106842
27624,14.502501
27625,13.93167
27627,17.521555
27628,18.725697
27629,10.152454
27630,8.858717
27658,19.267582
27664,41.99756
27665,36.784863
27666,34.365055
27676,21.330675
27677,26.722996
27678,24.648434
27679,26.829914
27683,35.019077
27684,36.04126
27685,28.300602
27699,24.376516
27700,28.626846
27701,33.647198
27705,27.830177
27706,24.595844
27707,19.95686
27726,28.112827
27727,27.310993
27728,24.37981
27729,16.317142
27730,16.329487
27731,18.093092
27732,17.877974
27744,19.240463
27745,18.66247
27746,15.223034
27747,20.906013
27748,21.25642
27749,23.265276
27750,30.559715
27775,17.439102
27776,26.421085
27777,24.070475
27778,31.706417
27779,25.962963
27793,23.868984
27794,20.475925
27795,27.032154
27797,28.039574
27798,26.663479
27820,21.031551
27821,25.402626
27823,29.491138
27824,19.011364
27825,26.989845
27826,19.319843
27827,19.78262
27878,16.080864
27881,30.460632
27882,31.343136
27883,29.978214
27884,29.45245
27887,14.694564
27888,14.033411
27913,25.677086
27914,25.127832
27915,25.80275
27917,19.637222
27928,28.2804
27929,22.477634
27930,26.065681
27932,37.885723
27933,30.54979
27934,33.91484
27950,36.526627
27951,38.197186
27952,38.587296
27954,28.148148
27955,29.72792
27956,26.082607
27957,31.352226
27972,34.799137
27973,28.239132
27974,33.001396
27975,25.176682
27976,25.604515
27977,17.471996
28006,48.40478
28007,41.226505
28008,31.102741
28009,33.168453
28010,34.687576
28011,39.89506
28025,26.810951
28026,23.874401
28027,22.754635
28028,29.232838
28029,30.395657
28030,31.854816
28048,21.148367
28049,21.772469
28050,18.947369
28051,13.390975
28052,17.882833
28053,19.51318
28063,17.837719
28064,20.001469
28065,23.121626
28066,25.204243
28086,25.16244
28087,25.924938
28088,22.377373
28099,17.428837
28100,21.868866
28101,23.794685
28107,22.997227
28108,20.716259
28109,13.858016
28110,15.062169
28115,21.378212
28116,22.68452
28124,37.454792
28125,40.15579
28126,34.22129
28139,26.310104
28140,34.89337
28141,32.361557
28142,41.80183
28153,21.747845
28154,23.365734
28155,23.502213
28156,31.926083
28157,31.258179
28174,31.551159
28175,26.506775
28176,27.642174
28177,24.416653
28178,24.569096
28179,17.796883
28191,48.236042
28192,44.217724
28193,30.3805
28194,34.17725
28195,27.190102
28196,43.08921
28208,25.722816
28209,20.958866
28210,18.554604
28211,21.211376
28212,29.211876
28213,25.218239
28215,31.379063
28231,25.01302
28234,26.72084
28235,25.700375
28236,16.810087
28237,21.930721
28238,20.332088
28250,18.333641
28251,28.280071
28252,20.404064
28254,28.79638
28271,29.2622
28272,38.17267
28273,35.789936
28274,27.367306
28275,27.386219
28285,22.00576
28286,23.557373
28287,20.25422
28288,20.888126
28289,20.618502
28290,26.045727
28307,25.975307
28308,22.127941
28309,26.370956
28310,19.886608
28311,17.194588
28312,24.505985
28313,19.417576
28329,21.128399
28330,21.972252
28331,16.119886
28332,25.901417
28333,24.08501
28334,25.305408
28343,23.149246
28344,18.369526
28345,16.769287
28346,19.007174
28347,16.595213
28387,27.649788
28388,28.025673
28389,27.500523
28391,25.657677
28392,24.782902
28393,25.272785
28394,17.484554
28404,17.03965
28405,16.73264
28406,17.726147
28408,26.048473
28409,18.488106
28410,24.437088
28423,33.88725
28424,28.803463
28425,37.61692
28427,28.003716
28428,21.252087
28429,25.109394
28438,13.413616
28441,22.698227
28442,19.516598
28443,22.422134
28461,34.196594
28462,27.134605
28463,34.463837
28465,26.795559
28466,23.819958
28467,23.073215
28477,21.68976
28493,20.34901
28501,32.357513
28502,42.446827
28503,38.078957
28524,34.540848
28525,37.162643
28526,29.30006
28527,26.747566
28555,31.238743
28556,24.908924
28557,26.22675
28558,32.273315
28559,38.54662
28571,35.626797
28572,34.58867
28573,30.485653
28574,28.896755
28575,25.807194
28576,22.750095
28578,26.180557
28587,47.734764
28588,39.39568
28589,14.76485
28590,12.36599
28591,15.31117
28592,12.204044
28596,18.529293
28599,20.115334
28600,15.943347
28613,16.743689
28617,29.590107
28618,27.253658
28631,38.842327
28632,36.15601
28633,24.685501
28634,29.951168
28635,28.757809
28636,33.05617
28646,40.45685
28647,38.8859
28648,40.773876
28649,33.607243
28650,26.816582
28651,25.45903
28652,14.175528
28654,15.159906
28655,14.87372
28677,25.34225
28678,39.736305
28679,44.27846
28690,30.784603
28691,31.751144
28692,30.783268
28693,28.473774
28694,25.611652
28703,30.986065
28704,36.790913
28705,35.745453
28706,24.493114
28707,26.529522
28708,30.926472
28709,17.040909
28711,16.04205
28712,13.327412
28722,24.282604
28723,29.102879
28724,14.912921
28725,20.062616
28726,14.522138
28727,23.096226
28732,21.374489
28733,25.006184
28734,28.399776
28744,18.4711
28746,15.643776
28747,12.020894
28752,14.372591
28756,20.921947
28757,17.117796
28759,20.294071
28771,18.378067
28772,14.605423
28773,14.984437
28777,27.852161
28778,31.07586
28779,13.658245
28780,14.694537
28781,14.967049
28786,18.14029
28787,17.098951
28788,22.13728
28803,14.039483
28804,16.766861
28805,12.732187
28810,10.512365
28814,22.502396
28815,21.575943
28816,24.600319
28834,30.20404
28835,28.898907
28836,25.266323
28837,27.967167
28843,16.391838
28844,18.573444
28847,16.93406
28848,15.099769
28864,35.110893
28865,36.909798
28866,32.62288
28867,27.568577
28868,25.928066
28884,14.302731
28885,15.117414
28886,15.345236
28888,12.555648
28889,11.581004
28890,13.100236
28891,12.586658
28901,18.867249
28902,15.309375
28903,11.005169
28904,12.233532
28906,18.97443
28907,18.704594
28908,20.338537
28929,43.295868
28930,39.65805
28931,31.521152
28932,33.371475
28935,28.02087
28936,24.076874
28937,27.649616
28938,28.068851
28939,11.567781
28940,12.595439
28941,11.134722
28947,11.728877
28948,10.893162
28949,11.618036
28970,11.91646
28971,30.734169
28972,28.737736
28973,27.926994
28974,26.883999
28975,19.031544
28987,32.162918
28988,35.720047
28989,30.78748
28998,28.227695
28999,29.552425
29000,28.096245
29001,31.664856
29002,30.326065
29003,27.912285
29004,23.386982
29007,23.392084
29010,30.412823
29011,36.61581
29015,17.1576
29018,16.67939
29019,29.747608
29020,28.94846
29021,29.66962
29022,26.724857
29023,21.398773
29025,27.35891
29031,37.14006
29032,18.178993
29033,17.703712
29034,19.126015
29035,20.425411
29040,25.42403
29042,17.621784
29043,19.894817
29044,22.158314
29045,18.083782
29047,23.608902
29052,17.073742
29053,17.206913
29054,10.775449
29055,28.039173
29056,24.392471
29057,28.563137
29058,25.945057
29059,25.841022
29060,28.385181
29061,29.308575
29062,17.0903
29063,19.08183
29064,18.42551
29065,21.355991
29066,20.251682
29075,18.594318
29076,20.699528
29077,17.707159
29078,13.074578
29079,21.558678
29080,17.583405
29081,18.847446
29082,20.833315
29083,25.086462
29084,20.972267
29085,24.235462
29086,24.957317
29087,26.00961
29094,30.454838
29095,24.934872
29096,26.243694
29097,29.333092
29098,26.183804
29099,24.329071
29100,21.946411
29101,27.84164
29102,28.238358
29103,27.130985
29104,29.742016
29105,28.95266
29106,26.477875
29107,28.253696
29110,28.383781
29111,28.644707
29114,23.156445
29115,27.911533
29116,23.49916
29117,21.189869
29118,21.48185
29121,24.37985
29122,26.160095
29124,21.657223
29125,28.478333
29126,26.093224
29127,16.046297
29128,26.108765
29129,17.535322
29130,18.923939
29131,4.3912115
29132,24.6978
29141,10.842733
29158,26.820549
29159,20.56865
29160,19.442787
29162,25.537846
29185,39.51935
29186,33.244637
29187,30.124237
29188,25.91761
29189,24.845375
29190,25.58118
29221,24.264736
29222,25.5634
29223,33.232475
29224,20.341301
29225,14.686502
29226,22.218678
29237,41.26808
29239,32.24174
29240,34.606796
29241,29.530106
29242,26.85838
29243,20.8321
29244,19.078287
29245,13.589739
29246,13.098608
29247,15.754622
29248,15.339157
29249,12.101052
29251,14.61071
29288,13.535429
29290,13.53035
29301,31.867153
29302,28.116508
29304,36.890545
29308,28.793842
29309,27.17672
29332,24.906887
29334,22.329636
29358,24.389503
29359,22.987484
29361,23.59195
29362,21.948479
29363,20.776546
29364,20.864594
29365,13.488502
29373,26.53231
29382,25.641678
29383,26.021072
29388,19.40495
29389,23.06807
29390,22.057457
29412,27.029808
29413,19.907574
29414,24.652687
29415,18.324066
29416,21.481422
29417,17.923523
29418,15.787261
29438,23.789864
29439,28.003292
29440,29.229252
29441,27.514988
29462,16.388315
29463,37.557045
29464,36.514874
29465,38.949574
29477,32.225086
29479,33.247467
29480,30.808746
29491,37.930424
29492,43.071064
29493,33.302547
29494,37.449993
29495,41.56341
29496,33.515083
29497,38.91458
29511,17.343811
29512,19.356918
29514,23.331192
29515,16.83671
29539,20.352207
29540,16.32097
29542,22.789707
29543,32.361732
29544,28.688591
29559,38.807957
29560,37.58378
29561,34.197777
29562,32.27145
29603,25.067245
29608,32.058994
29609,29.711456
29610,36.124893
29611,30.531048
29629,18.344711
29630,15.572642
29631,20.458172
29632,18.168821
29633,19.849472
29634,15.274256
29681,35.06818
29682,36.07412
29683,36.265022
29684,33.64638
29685,32.250942
29686,23.589088
29733,20.829826
29734,23.78555
29735,25.480568
29736,24.7944
29737,29.385334
29738,24.929207
29820,32.078796
29821,37.719887
29844,9.682326
29875,14.83375
29876,16.773008
29877,21.35485
29878,19.978287
29879,15.541126
29880,11.277986
29881,13.562504
29904,25.849686
29905,24.802845
29935,34.749836
29936,32.39422
29937,31.71091
29938,17.524052
29939,20.321117
29940,26.01616
29941,30.17429
29989,29.254463
29990,37.147
29991,37.227776
29993,22.008839
30028,36.613167
30029,26.403206
30030,32.64662
30031,29.039639
30032,24.276508
30033,20.037628
30034,17.0438
30047,11.704672
30075,13.540239
30076,13.040701
30077,15.127449
30078,20.154373
30079,19.525751
30080,15.498425
30098,21.202143
30099,22.186466
30100,14.448229
30101,14.647343
30102,26.806015
30103,21.36104
30104,27.063087
30137,20.439554
30138,17.985233
30139,23.194487
30140,15.347852
30141,19.463013
30189,34.792175
30190,37.631386
30191,32.755955
30192,27.090359
30251,28.956661
30252,28.26344
30253,31.961723
30255,42.433426
30290,37.551804
30291,33.486477
30292,41.219204
30293,30.472572
30294,27.308311
30326,31.40321
30327,31.123627
30328,33.549297
30330,32.48424
30350,34.285175
30352,31.097252
30353,26.779922
30354,23.490955
30355,20.825115
30356,12.1209755
30357,20.708374
30414,25.95641
30419,35.254894
30420,35.923737
30421,37.191536
30444,37.802597
30446,32.62604
30447,27.524319
30448,26.438313
30449,31.501392
30450,28.175774
30451,24.572998
30475,42.280094
30476,44.330116
30477,42.185677
30478,30.990166
30479,37.04087
30480,25.708824
30510,15.099617
30511,18.21263
30512,17.981922
30513,23.735653
30515,18.405962
30516,22.162312
30539,20.602322
30540,19.524563
30542,20.387379
30543,15.408039
30544,16.52531
30554,26.22216
30556,23.998432
30557,21.325584
30558,19.621235
30559,21.977676
30560,21.80463
30561,18.932463
30562,22.223965
30564,26.520275
30569,40.789036
30570,34.190517
30580,27.584099
30581,32.46301
30582,24.80281
30583,28.013882
30584,19.830368
30595,24.841831
30596,38.109077
30597,40.5682
30600,30.058464
30601,25.87851
30602,23.696562
30606,24.053043
30607,20.514328
30608,24.635273
30609,19.337624
30670,38.869133
30671,35.9015
30684,34.371487
30685,32.578037
30686,35.882336
30690,29.046276
30691,28.844723
30692,22.305534
30693,30.293491
30711,41.808018
30712,32.891685
30713,30.821213
30714,37.047333
30715,35.116104
30727,19.680344
30728,17.401733
30729,18.571281
30730,14.765404
30731,18.10072
30732,21.457167
30733,23.931026
30752,18.601646
30753,17.9253
30754,17.254883
30755,13.224909
30756,16.905647
30769,34.69512
30770,35.81082
30771,21.268444
30772,27.478119
30773,32.953625
30774,24.062355
30775,27.675232
30819,20.877535
30820,20.618698
30821,18.371319
30822,19.190842
30832,24.239418
30833,22.006065
30834,25.626629
30835,26.232616
30851,33.897682
30852,28.46944
30853,27.419079
30854,25.293274
30855,24.908669
30856,24.432045
30869,30.072247
30870,30.03693
30871,29.675411
30872,22.797024
30873,24.123108
30874,25.116833
30875,24.048603
30876,21.130463
30877,23.988686
30878,24.036657
30879,18.021637
30880,23.101578
30882,20.357288
30883,21.041729
30902,26.56874
30903,38.602924
30904,37.43781
30905,42.87792
30917,43.507214
30918,42.622555
30919,40.149662
30920,44.422703
30921,34.990032
30933,29.770279
30934,32.436443
30935,37.100754
30937,26.359497
30938,23.426243
30939,24.460108
30950,29.876038
30951,25.20687
30952,24.486008
30953,21.081532
30954,24.945663
30955,18.101685
30956,21.647703
30992,30.777992
30993,34.694977
30994,26.081264
30995,25.68192
30996,26.086914
30997,32.05138
30998,34.186897
31027,17.230082
31030,15.339251
31031,28.215939
31032,23.698925
31033,25.70681
31062,25.991955
31063,21.898436
31065,25.42295
31066,15.355442
31067,18.470406
31068,19.620161
31089,33.178066
31090,32.80149
31091,36.179756
31092,25.394886
31102,22.394733
31103,17.18188
31104,18.976717
31105,27.449196
31106,26.798801
31107,29.050713
31109,28.008713
31124,28.554764
31125,32.61106
31135,22.249174
31136,21.551918
31139,24.850132
31142,26.13321
31143,24.111275
31166,26.356018
31168,30.503563
31169,25.903332
31170,22.283812
31171,26.477745
31191,25.473122
31192,26.418373
31193,28.94128
31194,32.739685
31196,28.77523
31197,30.292076
31219,41.710514
31220,38.905453
31221,29.892384
31222,31.210285
31242,39.79966
31243,24.24261
31244,31.13554
31245,38.87595
31246,35.143044
31276,26.223442
31277,31.2397
31278,36.02502
31280,34.171597
31301,25.119839
31303,22.701061
31304,22.616198
31305,23.88156
31306,16.01882
31307,20.210197
31324,20.952637
31327,19.827602
31354,28.48528
31356,26.723251
31357,20.44775
31358,18.92892
31359,17.587421
31360,19.56219
31361,21.343025
31402,30.399776
31403,29.056297
31404,29.014042
31405,26.839989
31406,20.477077
31407,25.489014
31563,12.95818
31564,12.809704
31565,9.580175
31566,13.849806
31572,22.323204
31786,10.083542
31787,18.349438
31788,18.230194
31789,16.25833
31790,17.196606
32116,11.897053
32117,15.571964
32118,13.379675
32119,16.111395
32120,17.878723
32272,25.131748
32273,19.956774
32274,26.370682
32276,17.476423
32277,17.191128
32278,17.05247
32279,19.493382
32512,14.472816
32513,15.346226
32514,18.613586
32516,15.438202
32517,12.601744
32593,13.485106
32594,13.161576
32596,16.220013
32597,16.721632
32598,15.061659
32604,18.34116
32715,14.707177
32716,15.796068
32717,13.091431
32719,16.47089
32720,14.699003
32788,12.656046
32790,16.54919
32791,15.279239
32792,19.718647
32872,24.5537
32873,20.092663
32874,19.438934
32875,17.763424
32876,17.746887
32877,20.973795
32878,15.506391
33013,21.973236
33014,30.514767
33015,20.788391
33016,20.603153
33017,19.9471
33018,24.622759
33074,18.655804
33075,14.550737
33077,14.361177
33078,14.58313
33079,15.277552
33080,11.794923
33081,13.233124
33159,12.001908
33160,12.225546
33162,12.856097
33163,12.874779
33169,20.740639
33274,14.45508
33275,16.82412
33276,15.555394
33280,16.46574
33281,17.907211
33283,19.422878
33408,13.1459255
33954,17.45373
33955,13.050821
33957,15.267577
34195,17.33731
34196,15.271509
34197,16.256851
34198,16.021374
34199,13.422162
34200,13.870718
34201,14.265404
34229,27.942356
34230,26.625557
34282,15.678761
34284,14.138315
34285,14.127103
34330,14.477115
34331,13.399703
34333,11.840994
34334,15.16769
34393,16.046606
34395,13.024338
34396,13.1293545
34397,13.338603
34450,17.632149
34451,17.722248
34452,17.272432
34453,16.93757
34454,22.516888
34455,17.64611
34457,26.55193
34510,13.705084
34511,12.331286
34512,12.806771
34517,10.682786
34518,12.92903
34545,17.355232
34546,21.851204
34547,21.672718
34548,13.767976
34549,18.302765
34550,17.696198
34551,16.71674
34648,20.960627
34650,20.545792
34651,20.479004
34652,17.685394
34653,21.835533
34690,13.0134535
34691,13.356255
34692,16.909075
34693,18.329048
34694,21.709389
34696,20.811588
34742,14.783321
34744,26.063103
34745,25.797382
34761,11.038055
34762,10.173735
34763,9.66561
34764,14.893772
34766,15.248984
34767,11.593319
34768,12.294905
34786,17.925964
34792,21.503242
34793,19.959343
34794,27.700554
34795,23.422562
34811,11.325524
34812,8.921746
34818,11.508078
34819,10.255088
34836,20.565071
34837,22.39028
34841,16.877102
34842,16.48987
34843,16.118275
34877,10.226103
34878,10.777088
34880,10.955963
34895,14.062935
34896,16.739813
34897,13.816662
34898,15.94585
34899,12.098187
34901,11.521119
34902,15.528402
34926,18.735428
34927,16.320004
34929,13.000111
34930,11.734099
34931,17.728083
34932,17.868023
34933,14.387089
34947,8.996919
34948,10.195637
34954,16.830055
34955,16.309687
35017,23.273998
35018,20.438725
35019,20.616072
35020,20.318207
35034,10.319562
35035,11.762738
35036,13.678935
35038,13.137535
35039,12.86695
35062,28.303833
35063,26.85532
35064,26.309502
35065,28.27576
35066,22.817457
35067,22.889286
35096,9.812621
35097,11.221821
35098,9.915264
35099,8.8857
35100,10.3793745
35101,10.801277
35102,12.992508
35129,13.113432
35130,16.7369
35131,19.751842
35132,15.619588
35133,14.045372
35148,11.351239
35154,16.498608
35155,17.56233
35156,26.948814
35157,18.952911
35158,23.779549
35176,11.095129
35177,11.380596
35179,24.411846
35180,15.993001
35181,19.65881
35191,10.930272
35192,15.239901
35193,12.1695795
35194,14.951839
35195,13.839812
35197,15.549973
35198,18.275387
35215,27.770897
35216,25.609375
35218,23.497597
35219,20.047401
35220,20.882435
35221,17.78344
35222,12.685458
35242,15.429514
35273,12.529139
35274,10.478158
35275,9.767481
35276,9.138893
35277,9.87112
35278,10.63357
35279,13.963547
35280,12.599588
35281,15.766687
35282,13.618388
35292,15.323471
35306,17.931602
35307,17.465654
35308,17.178406
35312,21.517372
35313,18.658962
35345,18.361248
35346,18.224773
35347,19.117504
35348,14.294266
35349,16.484758
35359,20.811302
35360,20.749321
35361,18.28049
35362,19.18982
35363,18.426609
35364,17.037085
35365,18.191198
35376,18.048527
35377,17.431305
35379,18.453259
35380,14.632952
35381,17.558548
35382,19.907204
35383,16.821518
35401,18.349993
35402,19.142178
35403,15.211267
35404,13.614399
35405,15.441862
35406,15.896333
35407,19.402767
35421,16.038124
35434,21.101345
35435,24.161163
35436,16.947578
35437,19.859856
35438,16.608276
35440,9.511127
35451,16.570524
35452,18.275654
35453,18.060352
35469,19.925411
35470,19.643814
35471,16.78744
35472,15.028774
35473,16.780327
35474,16.063396
35475,13.723026
35485,22.818485
35486,20.845427
35488,18.969135
35489,17.942728
35490,15.517088
35491,19.957932
35492,15.187539
35498,13.630086
35504,23.170101
35505,22.359566
35506,15.838442
35507,20.212658
35508,11.429588
35509,11.982683
35510,12.675409
35511,11.728259
35514,14.802979
35515,10.422879
35529,18.556644
35530,21.178055
35531,15.380876
35532,17.652191
35533,17.446152
35534,18.227177
35535,12.469674
35545,16.021852
35546,17.866043
35548,14.42455
35549,16.028503
35550,15.165691
35551,14.630509
35552,12.014418
35553,12.139591
35555,12.672216
35556,12.818472
35573,13.458512
35574,14.392886
35576,21.038055
35577,21.259647
35579,13.353491
35580,13.961994
35589,19.929806
35590,23.510342
35591,19.89149
35597,8.8275585
35601,21.905346
35602,22.581669
35604,10.430447
35612,21.590647
35613,26.700134
35614,12.863511
35615,14.543406
35621,15.010986
35622,13.843675
35627,21.160622
35629,12.581221
35636,19.25142
35637,19.651283
35638,17.587975
35639,16.494463
35645,17.409184
35646,16.858435
35648,19.457764
35649,23.499924
35650,13.995968
35651,19.089233
35652,17.05368
35653,19.43894
35654,18.524858
35655,12.644997
35664,21.302223
35665,17.437042
35666,19.165127
35667,14.161403
35668,12.976883
35669,13.435793
35670,12.259676
35677,14.054331
35681,10.448188
35682,12.14168
35689,11.97063
35690,19.440632
35691,14.17769
35692,11.466875
35693,15.354357
35694,11.860221
35701,12.498995
35702,13.42709
35703,15.134164
35707,22.519497
35708,10.584817
35709,12.788529
35710,10.32478
35711,9.971777
35712,11.975187
35718,11.685612
35719,13.1496315
35734,10.416672
35735,11.437871
35736,9.63688
35738,17.171028
35739,16.738716
35740,17.04272
35741,15.306834
35749,16.560925
35750,16.939837
35751,17.130186
35752,19.326572
35761,10.491958
35762,12.151829
35767,17.524807
35768,14.9133215
35769,15.516725
35770,11.10463
35771,11.685845
35772,12.049156
35773,14.605708
35774,11.383054
35777,14.704576
35780,12.543159
35787,15.606501
35788,18.640877
35789,18.594757
35790,16.289854
36321,22.255363
36322,20.23397
36323,20.811472
36324,21.934044
36325,20.383598
36618,9.3997965
36619,10.964549
36620,11.291339
36627,18.330708
36715,17.744812
36716,18.232399
36717,19.773586
36718,18.98077
36719,13.819927
36720,19.780949
36855,17.54177
36856,21.38488
36857,20.640892
36858,18.872036
36859,22.275158
36860,22.085335
36861,19.535187
37023,14.612518
37024,21.14819
37026,15.0681095
37027,16.111586
37028,12.914686
37029,15.271097
37030,14.595585
37350,19.13099
37351,15.28211
37352,15.861408
37353,18.269707
37354,16.98055
37355,14.983072
37356,20.23646
37357,19.306435
37358,15.290654
37359,15.936738
37360,18.477386
37361,18.798203
37362,16.62188
37363,16.784592
37364,19.924541
37365,14.398148
37366,15.578878
37367,18.44395
37368,18.508144
37369,19.332848
37370,18.16322
37371,17.817204
37372,16.442389
37373,17.75568
37374,19.359253
37375,14.886064
37376,17.318602
37377,19.827465
37378,18.545757
37380,14.858843
37381,16.901482
37382,21.182003
37383,16.458035
37384,17.995327
37385,17.84002
37386,16.400578
37387,14.974985
37388,15.809852
37389,14.818302
37390,16.365702
37391,22.535221
37392,16.659584
37393,20.721138
37394,17.583092
37395,20.776936
37396,20.561382
37397,18.749737
37398,15.772019
37399,13.725731
37400,16.502666
37401,15.966423
37402,16.216633
37403,14.466536
37404,17.120083
37405,15.530082
37406,13.022233
37407,16.38945
37408,17.771704
37409,17.751812
37410,19.1088
37411,13.477947
37412,17.201483
37413,18.945812
37414,15.728049
37415,15.252718
37416,19.960691
37417,21.763052
37418,15.272975
37419,17.225187
37420,15.5457115
37421,18.05862
37422,15.105664
37423,13.487169
37424,13.737898
37425,14.819611
37426,17.005653
37427,18.707005
37428,19.92414
37429,12.173885
37430,19.077778
37431,14.563644
37432,19.205969
37433,19.0182
37434,17.619106
37435,16.889404
37436,17.620928
37437,16.843334
37438,18.063166
37439,16.263168
37440,16.839752
37441,18.516876
37442,19.988745
37443,18.246754
37444,18.684555
37445,14.991734
37446,17.197237
37447,15.176641
37448,20.130598
37449,19.24152
37450,13.056194
37451,17.36898
37452,20.860012
37453,20.639456
37454,17.418882
37455,18.895279
37456,18.375504
37457,14.702768
37458,16.163687
37459,14.981349
37460,14.000651
37461,19.012226
37462,17.82641
37463,20.561905
37464,20.593105
37465,17.733032
37466,14.734689
37467,18.823092
37468,18.227165
37469,17.287128
37470,18.918053
37471,13.711514
37472,16.160574
37473,21.147655
37474,19.176624
37475,19.585491
37476,18.67937
37477,13.66832
37478,15.381283
37479,16.738546
37480,23.90086
37481,14.133387
37482,17.794846
37483,17.606007
37484,17.304436
37485,11.86974
